maintenance_id,vehicle_id,maintenance_date,maintenance_type,maintenance_cost,odometer_km,status
MT00001,VH011,2026-01-01 00:00:00.000000,Battery Replacement,9799.595961837225,150989.79366014758,Pending
MT00002,VH043,2026-01-01 08:39:26.332665,Engine Repair,84913.83354670757,149194.13386559658,Completed
MT00003,VH038,2026-01-01 17:18:52.665330,Routine Inspection,2982.644753561809,57848.44777802232,Pending
MT00004,VH048,2026-01-02 01:58:18.997995,Battery Replacement,16503.86298658479,36570.980005767546,Pending
MT00005,VH050,2026-01-02 10:37:45.330661,Oil Change,6904.612763573382,88394.09109893108,Completed
MT00006,VH030,2026-01-02 19:17:11.663326,Routine Inspection,3226.4407926735144,194423.7436474326,Pending
MT00007,VH018,2026-01-03 03:56:37.995991,Oil Change,3099.0098738151596,214779.18517045933,Pending
MT00008,VH047,2026-01-03 12:36:04.328657,Oil Change,5080.795866157088,201381.12583815382,Completed
MT00009,VH033,2026-01-03 21:15:30.661322,Brake Service,18297.26713537192,47873.387800844495,Pending
MT00010,VH042,2026-01-04 05:54:56.993987,Brake Service,6837.099215814242,230534.91193015748,Pending
MT00011,VH003,2026-01-04 14:34:23.326653,Engine Repair,74096.16356465894,103018.64281028285,Completed
MT00012,VH002,2026-01-04 23:13:49.659318,Battery Replacement,16453.419258138223,211038.29148358287,Completed
MT00013,VH011,2026-01-05 07:53:15.991983,Tire Replacement,25958.456997902773,160273.72719020463,Completed
MT00014,VH021,2026-01-05 16:32:42.324649,Routine Inspection,4490.1566252259845,200414.19534512374,Completed
MT00015,VH023,2026-01-06 01:12:08.657314,Battery Replacement,21359.514632618586,17270.557471129618,Completed
MT00016,VH050,2026-01-06 09:51:34.989979,Oil Change,7924.787081060671,114329.40985687722,Pending
MT00017,VH001,2026-01-06 18:31:01.322645,Engine Repair,33455.25496283096,155528.94177224772,Pending
MT00018,VH007,2026-01-07 03:10:27.655310,Brake Service,8805.955188223908,98763.02166263339,Completed
MT00019,VH047,2026-01-07 11:49:53.987975,Routine Inspection,4239.95404736915,199454.7513238575,Completed
MT00020,VH027,2026-01-07 20:29:20.320641,Engine Repair,87136.83686630096,183668.37515386383,Completed
MT00021,VH017,2026-01-08 05:08:46.653306,Tire Replacement,34660.07686334857,103556.570065407,Completed
MT00022,VH035,2026-01-08 13:48:12.985971,Engine Repair,56526.134214295365,115346.28420599461,Completed
MT00023,VH016,2026-01-08 22:27:39.318637,Engine Repair,28639.36668801168,127939.2177628536,Completed
MT00024,VH003,2026-01-09 07:07:05.651302,Engine Repair,49348.32468890632,140828.8993406371,Pending
MT00025,VH012,2026-01-09 15:46:31.983967,Oil Change,4402.174658590413,81590.48255840178,Pending
MT00026,VH022,2026-01-10 00:25:58.316633,Tire Replacement,25323.8151240831,64978.272239190075,Completed
MT00027,VH020,2026-01-10 09:05:24.649298,Brake Service,7467.052656664234,37056.38118036421,Completed
MT00028,VH033,2026-01-10 17:44:50.981963,Battery Replacement,18864.62812349604,43678.290127479675,Completed
MT00029,VH007,2026-01-11 02:24:17.314629,Brake Service,19480.673007898244,122228.17574832209,Completed
MT00030,VH037,2026-01-11 11:03:43.647294,Engine Repair,78829.12122949515,169468.01804807072,Pending
MT00031,VH007,2026-01-11 19:43:09.979959,Engine Repair,98734.39352346887,169815.6902014206,Pending
MT00032,VH023,2026-01-12 04:22:36.312625,Battery Replacement,20097.51761809477,119558.66420477461,Pending
MT00033,VH001,2026-01-12 13:02:02.645290,Tire Replacement,32246.79197127494,158509.670904196,Pending
MT00034,VH041,2026-01-12 21:41:28.977955,Engine Repair,62547.505827801455,240160.10617044923,Completed
MT00035,VH012,2026-01-13 06:20:55.310621,Oil Change,7740.108723833325,245748.2510525433,Completed
MT00036,VH033,2026-01-13 15:00:21.643286,Routine Inspection,3078.7630415135695,212755.1669874138,Completed
MT00037,VH015,2026-01-13 23:39:47.975951,Oil Change,6820.744386434499,229450.07828618085,Pending
MT00038,VH027,2026-01-14 08:19:14.308617,Brake Service,5023.942436304947,42630.66513745731,Completed
MT00039,VH016,2026-01-14 16:58:40.641282,Oil Change,7045.745172656574,76905.60772344042,Pending
MT00040,VH015,2026-01-15 01:38:06.973947,Brake Service,9413.66698782055,238956.0440521734,Completed
MT00041,VH049,2026-01-15 10:17:33.306613,Engine Repair,26717.403101668307,41264.94541070923,Completed
MT00042,VH024,2026-01-15 18:56:59.639278,Oil Change,6618.043915316912,219906.13888169723,Completed
MT00043,VH045,2026-01-16 03:36:25.971943,Oil Change,5611.02816670806,115410.66347085121,Pending
MT00044,VH044,2026-01-16 12:15:52.304609,Battery Replacement,12869.076807157824,243994.35468763713,Completed
MT00045,VH050,2026-01-16 20:55:18.637274,Brake Service,16311.637820578775,181970.02941527506,Completed
MT00046,VH033,2026-01-17 05:34:44.969939,Battery Replacement,15238.270031190767,90889.38967308226,Pending
MT00047,VH014,2026-01-17 14:14:11.302605,Tire Replacement,29504.759577351357,38336.401189654614,Pending
MT00048,VH011,2026-01-17 22:53:37.635270,Routine Inspection,4993.9499855528575,67331.45654434612,Completed
MT00049,VH026,2026-01-18 07:33:03.967935,Battery Replacement,8067.862837978236,179012.98419092895,Completed
MT00050,VH012,2026-01-18 16:12:30.300601,Oil Change,7239.775025023795,87057.9029977096,Pending
MT00051,VH034,2026-01-19 00:51:56.633266,Oil Change,5793.617313392117,237784.3568078964,Completed
MT00052,VH037,2026-01-19 09:31:22.965931,Tire Replacement,21166.961507261927,138353.91015376028,Pending
MT00053,VH037,2026-01-19 18:10:49.298597,Brake Service,19269.70243760984,135922.7971192404,Completed
MT00054,VH041,2026-01-20 02:50:15.631262,Brake Service,19085.21335666576,203716.13603401574,Pending
MT00055,VH027,2026-01-20 11:29:41.963927,Routine Inspection,2181.631019454285,201339.57133970226,Pending
MT00056,VH016,2026-01-20 20:09:08.296593,Brake Service,15441.830068958974,174887.80884807507,Completed
MT00057,VH039,2026-01-21 04:48:34.629258,Tire Replacement,28090.376298070634,238501.23300491885,Completed
MT00058,VH012,2026-01-21 13:28:00.961923,Engine Repair,74221.15730169143,149145.75529687008,Completed
MT00059,VH047,2026-01-21 22:07:27.294589,Engine Repair,95873.6438175844,226117.16412468307,Completed
MT00060,VH029,2026-01-22 06:46:53.627254,Tire Replacement,39713.13168282701,122902.72314960381,Completed
MT00061,VH002,2026-01-22 15:26:19.959919,Battery Replacement,12168.966078973841,192872.12176881713,Pending
MT00062,VH006,2026-01-23 00:05:46.292585,Tire Replacement,18813.384451320082,66180.98468131945,Pending
MT00063,VH010,2026-01-23 08:45:12.625250,Engine Repair,78785.09080987595,214114.27485923946,Pending
MT00064,VH033,2026-01-23 17:24:38.957915,Routine Inspection,4106.8678065973945,94667.90673218384,Completed
MT00065,VH002,2026-01-24 02:04:05.290581,Routine Inspection,2437.2793505541126,184233.1943389811,Completed
MT00066,VH018,2026-01-24 10:43:31.623246,Engine Repair,95861.79155244888,87373.40138395275,Completed
MT00067,VH049,2026-01-24 19:22:57.955911,Battery Replacement,21700.916164665985,238775.70341569828,Pending
MT00068,VH016,2026-01-25 04:02:24.288577,Oil Change,4657.179505811906,55768.90312580387,Pending
MT00069,VH006,2026-01-25 12:41:50.621242,Oil Change,5902.245224754641,136497.33926583466,Pending
MT00070,VH015,2026-01-25 21:21:16.953907,Oil Change,6619.373994408532,104694.51149033636,Completed
MT00071,VH014,2026-01-26 06:00:43.286573,Brake Service,18236.754719663302,138352.98181150545,Pending
MT00072,VH003,2026-01-26 14:40:09.619238,Engine Repair,99142.31315198913,65371.35702873937,Pending
MT00073,VH041,2026-01-26 23:19:35.951903,Tire Replacement,31206.13814708984,130882.95671321407,Pending
MT00074,VH008,2026-01-27 07:59:02.284569,Battery Replacement,17950.067961630484,41644.04891863919,Completed
MT00075,VH039,2026-01-27 16:38:28.617234,Engine Repair,96539.99305967063,65461.587309769355,Completed
MT00076,VH046,2026-01-28 01:17:54.949899,Oil Change,5579.641163381511,171265.04511530526,Completed
MT00077,VH037,2026-01-28 09:57:21.282565,Battery Replacement,11875.423505384633,122520.26930826284,Completed
MT00078,VH019,2026-01-28 18:36:47.615230,Tire Replacement,12833.290204339013,129257.41538459303,Pending
MT00079,VH047,2026-01-29 03:16:13.947895,Engine Repair,32690.37244033037,233601.14649062313,Pending
MT00080,VH043,2026-01-29 11:55:40.280561,Tire Replacement,27760.112367680358,61609.95940184756,Pending
MT00081,VH002,2026-01-29 20:35:06.613226,Engine Repair,73787.6470063526,142421.57572080012,Completed
MT00082,VH037,2026-01-30 05:14:32.945891,Engine Repair,81916.58936926106,137565.71481572484,Completed
MT00083,VH037,2026-01-30 13:53:59.278557,Oil Change,4513.4030041862225,116842.29180096986,Pending
MT00084,VH003,2026-01-30 22:33:25.611222,Battery Replacement,14298.329724475247,209204.20695269946,Completed
MT00085,VH044,2026-01-31 07:12:51.943887,Routine Inspection,4390.340139293446,146047.8337546833,Pending
MT00086,VH034,2026-01-31 15:52:18.276553,Routine Inspection,2437.109175874916,206900.8149685804,Completed
MT00087,VH034,2026-02-01 00:31:44.609218,Routine Inspection,4582.522040450025,216406.35231054187,Completed
MT00088,VH044,2026-02-01 09:11:10.941883,Oil Change,4412.558760479168,27095.89200562774,Pending
MT00089,VH037,2026-02-01 17:50:37.274549,Engine Repair,56805.30209464768,235079.69216681394,Completed
MT00090,VH048,2026-02-02 02:30:03.607214,Oil Change,4135.214811729656,193150.5788393254,Pending
MT00091,VH044,2026-02-02 11:09:29.939879,Engine Repair,31589.704637953248,126239.10629040707,Completed
MT00092,VH033,2026-02-02 19:48:56.272545,Routine Inspection,4266.639440038589,206787.59541823546,Completed
MT00093,VH022,2026-02-03 04:28:22.605210,Routine Inspection,4381.521108961055,65172.363142206654,Completed
MT00094,VH047,2026-02-03 13:07:48.937875,Oil Change,4625.5503083877275,206658.65435185822,Completed
MT00095,VH001,2026-02-03 21:47:15.270541,Engine Repair,92131.26561522021,143511.70905220092,Pending
MT00096,VH045,2026-02-04 06:26:41.603206,Routine Inspection,4036.2113720663615,116615.4367617272,Completed
MT00097,VH048,2026-02-04 15:06:07.935871,Brake Service,12854.227876822464,147017.92438525197,Pending
MT00098,VH019,2026-02-04 23:45:34.268537,Brake Service,17729.120704259552,181966.52143467698,Pending
MT00099,VH042,2026-02-05 08:25:00.601202,Routine Inspection,4633.186144036272,76564.92389426303,Pending
MT00100,VH037,2026-02-05 17:04:26.933867,Tire Replacement,27983.05989480566,33396.3791422958,Pending
MT00101,VH015,2026-02-06 01:43:53.266533,Engine Repair,66741.52440758151,227633.52657279192,Completed
MT00102,VH018,2026-02-06 10:23:19.599198,Oil Change,6423.4299890097545,238125.50974190148,Pending
MT00103,VH016,2026-02-06 19:02:45.931863,Engine Repair,65535.83566382945,159924.27151885437,Completed
MT00104,VH035,2026-02-07 03:42:12.264529,Oil Change,5895.832063966005,132556.19537657598,Completed
MT00105,VH039,2026-02-07 12:21:38.597194,Tire Replacement,27946.343722337493,22939.991749283876,Completed
MT00106,VH011,2026-02-07 21:01:04.929859,Routine Inspection,2966.116417650105,109776.38297325025,Completed
MT00107,VH007,2026-02-08 05:40:31.262525,Routine Inspection,4261.11544959295,91670.18871684394,Pending
MT00108,VH030,2026-02-08 14:19:57.595190,Routine Inspection,3074.63447659355,102013.05048974154,Pending
MT00109,VH046,2026-02-08 22:59:23.927855,Engine Repair,71813.67265343407,182645.0735363418,Pending
MT00110,VH005,2026-02-09 07:38:50.260521,Tire Replacement,31794.083593017927,96699.9759006857,Pending
MT00111,VH002,2026-02-09 16:18:16.593186,Oil Change,5784.502502769452,199868.62581851555,Completed
MT00112,VH045,2026-02-10 00:57:42.925851,Battery Replacement,11958.939096469046,247784.5400923292,Completed
MT00113,VH001,2026-02-10 09:37:09.258517,Routine Inspection,3735.7127747285017,141114.93034233944,Completed
MT00114,VH019,2026-02-10 18:16:35.591182,Oil Change,7085.7270249156245,76623.33595350412,Pending
MT00115,VH049,2026-02-11 02:56:01.923847,Tire Replacement,12406.641281560405,239885.6154836472,Completed
MT00116,VH047,2026-02-11 11:35:28.256513,Engine Repair,72676.08000313016,185630.63373878718,Completed
MT00117,VH023,2026-02-11 20:14:54.589178,Engine Repair,28667.150925305352,63956.0758760832,Pending
MT00118,VH038,2026-02-12 04:54:20.921843,Tire Replacement,29431.025988227633,248650.91470643444,Completed
MT00119,VH016,2026-02-12 13:33:47.254509,Engine Repair,42312.26836074425,12459.756687404297,Completed
MT00120,VH014,2026-02-12 22:13:13.587174,Brake Service,18360.859813910305,148238.19995827094,Pending
MT00121,VH004,2026-02-13 06:52:39.919839,Routine Inspection,3187.5135632829524,174275.1228690694,Completed
MT00122,VH006,2026-02-13 15:32:06.252505,Battery Replacement,14541.167195377477,53781.7728698796,Pending
MT00123,VH004,2026-02-14 00:11:32.585170,Tire Replacement,35606.672228493684,22317.51174902077,Pending
MT00124,VH005,2026-02-14 08:50:58.917835,Battery Replacement,24373.385621610018,11774.080983241583,Pending
MT00125,VH035,2026-02-14 17:30:25.250501,Tire Replacement,10862.350173994362,232254.5639271978,Completed
MT00126,VH026,2026-02-15 02:09:51.583166,Battery Replacement,16342.149318546224,149869.685287779,Pending
MT00127,VH009,2026-02-15 10:49:17.915831,Oil Change,5830.227599161951,51064.32560412047,Pending
MT00128,VH049,2026-02-15 19:28:44.248496,Tire Replacement,37788.809520216266,157759.9244592214,Pending
MT00129,VH005,2026-02-16 04:08:10.581162,Engine Repair,67540.62254234799,10603.53455852196,Completed
MT00130,VH025,2026-02-16 12:47:36.913827,Battery Replacement,17816.310104289943,99683.90455049435,Pending
MT00131,VH045,2026-02-16 21:27:03.246492,Oil Change,6697.790737109746,194304.67816794073,Completed
MT00132,VH018,2026-02-17 06:06:29.579158,Oil Change,6955.174912890528,33924.93697942898,Pending
MT00133,VH038,2026-02-17 14:45:55.911823,Routine Inspection,3405.850391907743,154897.52507532833,Pending
MT00134,VH030,2026-02-17 23:25:22.244488,Oil Change,3805.40129261933,85772.31835401029,Pending
MT00135,VH032,2026-02-18 08:04:48.577154,Engine Repair,88455.20699977009,33654.40697264864,Completed
MT00136,VH035,2026-02-18 16:44:14.909819,Oil Change,3824.9322901355617,207913.62323096805,Completed
MT00137,VH020,2026-02-19 01:23:41.242484,Battery Replacement,24659.74597127097,141586.86341195664,Completed
MT00138,VH031,2026-02-19 10:03:07.575150,Engine Repair,49025.293076229136,199893.24546327523,Pending
MT00139,VH020,2026-02-19 18:42:33.907815,Routine Inspection,4854.477479143901,242435.61744557254,Pending
MT00140,VH027,2026-02-20 03:22:00.240480,Tire Replacement,31051.653478535492,54055.70770787192,Completed
MT00141,VH050,2026-02-20 12:01:26.573146,Engine Repair,89215.2898726134,42865.068963598605,Pending
MT00142,VH017,2026-02-20 20:40:52.905811,Tire Replacement,38277.09212776815,245405.38392362057,Pending
MT00143,VH015,2026-02-21 05:20:19.238476,Tire Replacement,30083.894091514787,65992.58420623734,Completed
MT00144,VH012,2026-02-21 13:59:45.571142,Tire Replacement,33409.83062169043,112460.80955331173,Pending
MT00145,VH011,2026-02-21 22:39:11.903807,Tire Replacement,16093.411826229167,210718.07804349993,Pending
MT00146,VH042,2026-02-22 07:18:38.236472,Routine Inspection,3145.974131760631,65286.62065086374,Pending
MT00147,VH008,2026-02-22 15:58:04.569138,Engine Repair,52044.96646689717,180755.22965746807,Completed
MT00148,VH003,2026-02-23 00:37:30.901803,Routine Inspection,2512.4168779404517,198847.69273053374,Pending
MT00149,VH033,2026-02-23 09:16:57.234468,Routine Inspection,3681.6874969033097,129135.29072191585,Pending
MT00150,VH025,2026-02-23 17:56:23.567134,Brake Service,16187.311852970735,126982.94881285053,Completed
MT00151,VH038,2026-02-24 02:35:49.899799,Brake Service,8780.92562992159,64888.89788363041,Completed
MT00152,VH041,2026-02-24 11:15:16.232464,Oil Change,6631.940272988474,160224.57749295677,Completed
MT00153,VH017,2026-02-24 19:54:42.565130,Battery Replacement,22029.65803281939,58211.8315324066,Completed
MT00154,VH032,2026-02-25 04:34:08.897795,Battery Replacement,8257.843597161778,73041.70851429107,Completed
MT00155,VH049,2026-02-25 13:13:35.230460,Routine Inspection,4519.884396686186,153124.6175027943,Completed
MT00156,VH022,2026-02-25 21:53:01.563126,Battery Replacement,11686.389835447086,76600.46493287158,Pending
MT00157,VH043,2026-02-26 06:32:27.895791,Oil Change,3084.700785226067,121317.2998078003,Pending
MT00158,VH003,2026-02-26 15:11:54.228456,Battery Replacement,21624.76565003297,238085.98667051445,Completed
MT00159,VH024,2026-02-26 23:51:20.561122,Engine Repair,83108.69218898698,152733.7783335589,Completed
MT00160,VH020,2026-02-27 08:30:46.893787,Routine Inspection,2041.7411436451175,190211.104693184,Pending
MT00161,VH015,2026-02-27 17:10:13.226452,Routine Inspection,2214.854128950655,178712.03080791247,Pending
MT00162,VH045,2026-02-28 01:49:39.559118,Brake Service,18822.136122703705,238662.73970554996,Pending
MT00163,VH045,2026-02-28 10:29:05.891783,Routine Inspection,4715.668178965736,35641.50229318079,Completed
MT00164,VH041,2026-02-28 19:08:32.224448,Tire Replacement,25666.735287220043,54089.53684378452,Pending
MT00165,VH006,2026-03-01 03:47:58.557114,Routine Inspection,4562.383328391221,174584.45206565678,Pending
MT00166,VH050,2026-03-01 12:27:24.889779,Routine Inspection,2894.3686557926753,213120.94044639712,Pending
MT00167,VH049,2026-03-01 21:06:51.222444,Routine Inspection,2464.2789390681696,189163.78225988662,Pending
MT00168,VH042,2026-03-02 05:46:17.555110,Battery Replacement,24592.946098513934,45437.18897229026,Pending
MT00169,VH002,2026-03-02 14:25:43.887775,Oil Change,5890.129149634953,173153.57689456228,Completed
MT00170,VH033,2026-03-02 23:05:10.220440,Oil Change,4481.423009846651,160762.97630461768,Completed
MT00171,VH014,2026-03-03 07:44:36.553106,Engine Repair,61388.16866472976,138864.5140479693,Completed
MT00172,VH008,2026-03-03 16:24:02.885771,Tire Replacement,28034.651098539445,145380.72262577445,Completed
MT00173,VH018,2026-03-04 01:03:29.218436,Tire Replacement,19936.624139427862,155714.59609105813,Pending
MT00174,VH009,2026-03-04 09:42:55.551102,Oil Change,6835.010381414739,53442.63573201964,Completed
MT00175,VH047,2026-03-04 18:22:21.883767,Battery Replacement,8678.827416751335,89792.08022027776,Pending
MT00176,VH010,2026-03-05 03:01:48.216432,Routine Inspection,2724.256443117036,156971.66081451654,Completed
MT00177,VH027,2026-03-05 11:41:14.549098,Engine Repair,44970.35011598659,29064.14711799358,Pending
MT00178,VH038,2026-03-05 20:20:40.881763,Routine Inspection,4170.592177170033,180434.75468119865,Pending
MT00179,VH040,2026-03-06 05:00:07.214428,Engine Repair,83717.39399237932,188921.54861802852,Pending
MT00180,VH010,2026-03-06 13:39:33.547094,Tire Replacement,28752.138736768222,44515.68937756501,Completed
MT00181,VH019,2026-03-06 22:18:59.879759,Engine Repair,46524.797489794466,78178.42984596793,Completed
MT00182,VH043,2026-03-07 06:58:26.212424,Routine Inspection,2784.7120482985024,65461.76680382809,Pending
MT00183,VH028,2026-03-07 15:37:52.545090,Brake Service,10954.792531641022,60381.15595844472,Completed
MT00184,VH013,2026-03-08 00:17:18.877755,Tire Replacement,23178.761254947705,98001.68384079295,Pending
MT00185,VH025,2026-03-08 08:56:45.210420,Oil Change,5972.237595911302,191101.16385823328,Completed
MT00186,VH025,2026-03-08 17:36:11.543086,Engine Repair,74213.91341722524,107613.32487964688,Completed
MT00187,VH010,2026-03-09 02:15:37.875751,Tire Replacement,21342.92165187721,138358.20595608308,Pending
MT00188,VH031,2026-03-09 10:55:04.208416,Battery Replacement,10041.005983472458,39438.25385532889,Completed
MT00189,VH047,2026-03-09 19:34:30.541082,Battery Replacement,15471.065901009697,157468.637681288,Pending
MT00190,VH005,2026-03-10 04:13:56.873747,Routine Inspection,3084.7368743808925,249789.80226988927,Completed
MT00191,VH014,2026-03-10 12:53:23.206412,Brake Service,5896.069128457448,184982.84437809218,Completed
MT00192,VH015,2026-03-10 21:32:49.539078,Routine Inspection,2616.3077216087104,126380.18518390715,Pending
MT00193,VH028,2026-03-11 06:12:15.871743,Oil Change,5074.841176538561,123118.87940405139,Completed
MT00194,VH009,2026-03-11 14:51:42.204408,Battery Replacement,17403.087799885496,231402.8460340058,Pending
MT00195,VH042,2026-03-11 23:31:08.537074,Tire Replacement,26338.876817615157,107884.4473947992,Pending
MT00196,VH008,2026-03-12 08:10:34.869739,Engine Repair,36981.48939868186,184325.34714136313,Pending
MT00197,VH044,2026-03-12 16:50:01.202404,Battery Replacement,11924.206340749912,156392.901724434,Completed
MT00198,VH013,2026-03-13 01:29:27.535070,Battery Replacement,20085.546681120533,160419.51478817192,Pending
MT00199,VH007,2026-03-13 10:08:53.867735,Brake Service,10119.50290285531,30096.06998873454,Pending
MT00200,VH004,2026-03-13 18:48:20.200400,Routine Inspection,2568.014135323476,169788.04269753574,Pending
MT00201,VH021,2026-03-14 03:27:46.533066,Routine Inspection,3359.643574777005,164085.50922009163,Pending
MT00202,VH017,2026-03-14 12:07:12.865731,Engine Repair,59458.754607373914,188003.40180505722,Pending
MT00203,VH002,2026-03-14 20:46:39.198396,Routine Inspection,2597.996275070943,172591.91726034254,Pending
MT00204,VH033,2026-03-15 05:26:05.531062,Engine Repair,57378.976009637045,221160.19999326215,Pending
MT00205,VH043,2026-03-15 14:05:31.863727,Battery Replacement,20720.1668290831,249382.77613316668,Completed
MT00206,VH034,2026-03-15 22:44:58.196392,Engine Repair,33657.96224285685,55837.112331643286,Pending
MT00207,VH043,2026-03-16 07:24:24.529058,Oil Change,4793.186722449103,223234.76643542168,Completed
MT00208,VH008,2026-03-16 16:03:50.861723,Oil Change,3506.716786651659,80106.15057528304,Completed
MT00209,VH045,2026-03-17 00:43:17.194388,Battery Replacement,11657.247968155174,72877.80704103132,Pending
MT00210,VH038,2026-03-17 09:22:43.527054,Battery Replacement,15347.581696081208,63884.38555162943,Completed
MT00211,VH028,2026-03-17 18:02:09.859719,Oil Change,7872.225921379992,141087.58422913853,Pending
MT00212,VH009,2026-03-18 02:41:36.192384,Routine Inspection,4096.961741724856,136464.84402332196,Pending
MT00213,VH050,2026-03-18 11:21:02.525050,Engine Repair,94523.53996155206,214125.44512948967,Pending
MT00214,VH001,2026-03-18 20:00:28.857715,Brake Service,6570.100450917005,115368.43767636918,Completed
MT00215,VH030,2026-03-19 04:39:55.190380,Brake Service,19129.117861512415,198043.14428754715,Completed
MT00216,VH045,2026-03-19 13:19:21.523046,Brake Service,12665.889804520302,243830.56696951037,Pending
MT00217,VH032,2026-03-19 21:58:47.855711,Engine Repair,42586.22570503032,56635.10213759934,Pending
MT00218,VH031,2026-03-20 06:38:14.188376,Brake Service,17671.675814408693,30080.755012317386,Completed
MT00219,VH004,2026-03-20 15:17:40.521042,Oil Change,6006.758397383477,93952.03290630347,Completed
MT00220,VH036,2026-03-20 23:57:06.853707,Engine Repair,27259.527277286885,239972.9858222872,Completed
MT00221,VH015,2026-03-21 08:36:33.186372,Oil Change,5676.495703647886,197882.65395769986,Pending
MT00222,VH050,2026-03-21 17:15:59.519038,Routine Inspection,3925.635777186598,119019.55632200149,Completed
MT00223,VH014,2026-03-22 01:55:25.851703,Routine Inspection,2053.2973786241487,32339.12499009261,Pending
MT00224,VH049,2026-03-22 10:34:52.184368,Engine Repair,63971.52608748779,81113.20099526766,Completed
MT00225,VH018,2026-03-22 19:14:18.517034,Brake Service,10447.928461836942,222845.71894934593,Pending
MT00226,VH011,2026-03-23 03:53:44.849699,Brake Service,11852.828409362173,46958.24921021528,Completed
MT00227,VH013,2026-03-23 12:33:11.182364,Battery Replacement,9852.116648812296,167029.5239298923,Completed
MT00228,VH016,2026-03-23 21:12:37.515030,Tire Replacement,25086.37574558476,157141.01210064045,Pending
MT00229,VH015,2026-03-24 05:52:03.847695,Oil Change,7923.6253324773215,84537.63585435679,Pending
MT00230,VH011,2026-03-24 14:31:30.180360,Brake Service,16071.698290856159,151712.94717298748,Completed
MT00231,VH011,2026-03-24 23:10:56.513026,Engine Repair,94228.4226680532,186940.82799296032,Completed
MT00232,VH027,2026-03-25 07:50:22.845691,Battery Replacement,12717.4204704032,24162.850944730308,Completed
MT00233,VH004,2026-03-25 16:29:49.178356,Oil Change,4912.408583329492,201312.52644859042,Completed
MT00234,VH026,2026-03-26 01:09:15.511022,Brake Service,14735.217794113027,120466.4121299864,Completed
MT00235,VH026,2026-03-26 09:48:41.843687,Battery Replacement,20573.6959541875,63304.92833811432,Pending
MT00236,VH015,2026-03-26 18:28:08.176352,Brake Service,9561.33109499019,139423.86666259184,Completed
MT00237,VH042,2026-03-27 03:07:34.509018,Brake Service,10213.881893153759,24153.569831369205,Completed
MT00238,VH013,2026-03-27 11:47:00.841683,Brake Service,6975.797590600053,211997.33209454213,Completed
MT00239,VH022,2026-03-27 20:26:27.174348,Battery Replacement,19538.01719274058,248122.62914431212,Completed
MT00240,VH048,2026-03-28 05:05:53.507014,Routine Inspection,3045.5513718939073,172628.53610907984,Completed
MT00241,VH040,2026-03-28 13:45:19.839679,Routine Inspection,2416.0912889809106,86348.68976313715,Pending
MT00242,VH021,2026-03-28 22:24:46.172344,Tire Replacement,29019.60246094217,224262.64381441803,Completed
MT00243,VH011,2026-03-29 07:04:12.505010,Brake Service,5187.025016208009,84856.74700192902,Pending
MT00244,VH002,2026-03-29 15:43:38.837675,Oil Change,7750.375407911092,96757.26693687015,Pending
MT00245,VH011,2026-03-30 00:23:05.170340,Routine Inspection,3923.0983578940904,231336.89948413908,Pending
MT00246,VH026,2026-03-30 09:02:31.503006,Routine Inspection,3823.5460800771525,158930.2590808979,Pending
MT00247,VH041,2026-03-30 17:41:57.835671,Battery Replacement,19001.118089317126,101245.83256405221,Pending
MT00248,VH015,2026-03-31 02:21:24.168336,Brake Service,9748.159809666155,116095.39692721094,Pending
MT00249,VH013,2026-03-31 11:00:50.501002,Routine Inspection,2699.640821350752,173231.99168435426,Completed
MT00250,VH015,2026-03-31 19:40:16.833667,Battery Replacement,17125.704322855025,166676.83772566798,Pending
MT00251,VH050,2026-04-01 04:19:43.166332,Oil Change,7720.29824782866,97267.60358386459,Completed
MT00252,VH038,2026-04-01 12:59:09.498997,Routine Inspection,2843.1967112558864,38664.99701841065,Completed
MT00253,VH050,2026-04-01 21:38:35.831663,Oil Change,6582.00670474902,111042.01754003057,Completed
MT00254,VH019,2026-04-02 06:18:02.164328,Engine Repair,97861.00929510705,170791.94805055385,Completed
MT00255,VH044,2026-04-02 14:57:28.496993,Engine Repair,63950.60122050875,73804.77022960671,Completed
MT00256,VH044,2026-04-02 23:36:54.829659,Tire Replacement,23758.049276401624,222230.69969698592,Completed
MT00257,VH011,2026-04-03 08:16:21.162324,Engine Repair,79846.43682049654,91443.38532417745,Pending
MT00258,VH012,2026-04-03 16:55:47.494989,Battery Replacement,10403.55674856732,59126.352263810004,Completed
MT00259,VH023,2026-04-04 01:35:13.827655,Routine Inspection,2099.2730414972884,110858.05677183728,Pending
MT00260,VH001,2026-04-04 10:14:40.160320,Engine Repair,48148.80355067327,67039.16228090179,Pending
MT00261,VH030,2026-04-04 18:54:06.492985,Battery Replacement,22232.963703506328,119131.85868801974,Pending
MT00262,VH039,2026-04-05 03:33:32.825651,Battery Replacement,9317.840031726726,31292.508641408618,Completed
MT00263,VH023,2026-04-05 12:12:59.158316,Tire Replacement,27732.693846672268,114988.18793783076,Completed
MT00264,VH025,2026-04-05 20:52:25.490981,Battery Replacement,8875.76907410327,187256.25830649267,Completed
MT00265,VH048,2026-04-06 05:31:51.823647,Engine Repair,60077.58354491317,77753.7175679642,Pending
MT00266,VH044,2026-04-06 14:11:18.156312,Routine Inspection,2390.2072614860344,246212.0514777463,Completed
MT00267,VH021,2026-04-06 22:50:44.488977,Routine Inspection,3822.7333240454336,54329.1447855297,Completed
MT00268,VH028,2026-04-07 07:30:10.821643,Engine Repair,44814.323034146946,92396.51653318424,Completed
MT00269,VH011,2026-04-07 16:09:37.154308,Brake Service,10560.11557183448,128075.32641689478,Pending
MT00270,VH024,2026-04-08 00:49:03.486973,Routine Inspection,2188.8795023647986,212421.46989302497,Completed
MT00271,VH012,2026-04-08 09:28:29.819639,Tire Replacement,33281.31159719045,114342.75207178049,Completed
MT00272,VH003,2026-04-08 18:07:56.152304,Oil Change,6013.2666197127655,186553.08013126874,Completed
MT00273,VH033,2026-04-09 02:47:22.484969,Oil Change,5907.864683923561,13603.513908674571,Completed
MT00274,VH013,2026-04-09 11:26:48.817635,Brake Service,14871.338972420675,16140.417131532133,Completed
MT00275,VH002,2026-04-09 20:06:15.150300,Engine Repair,73099.87379453448,19107.389653269893,Completed
MT00276,VH042,2026-04-10 04:45:41.482965,Tire Replacement,20568.721338558633,15556.88778202664,Pending
MT00277,VH044,2026-04-10 13:25:07.815631,Engine Repair,41958.54460065615,59074.057135189985,Completed
MT00278,VH016,2026-04-10 22:04:34.148296,Routine Inspection,2892.548386127359,153022.3720051704,Completed
MT00279,VH020,2026-04-11 06:44:00.480961,Brake Service,17170.474899808985,199694.50497011156,Pending
MT00280,VH032,2026-04-11 15:23:26.813627,Oil Change,3847.4797336646457,146231.41231709518,Completed
MT00281,VH023,2026-04-12 00:02:53.146292,Tire Replacement,24602.931771390977,29513.02977242702,Pending
MT00282,VH010,2026-04-12 08:42:19.478957,Routine Inspection,3876.972992863619,178869.23018181062,Completed
MT00283,VH023,2026-04-12 17:21:45.811623,Engine Repair,61299.73582023778,142710.1361409199,Pending
MT00284,VH017,2026-04-13 02:01:12.144288,Battery Replacement,17406.862145795465,85885.67236268354,Completed
MT00285,VH050,2026-04-13 10:40:38.476953,Battery Replacement,22263.78348258292,52433.14151806263,Pending
MT00286,VH008,2026-04-13 19:20:04.809619,Battery Replacement,13599.783268122867,29441.198237639608,Pending
MT00287,VH004,2026-04-14 03:59:31.142284,Oil Change,4729.276087833238,128734.90007529277,Completed
MT00288,VH008,2026-04-14 12:38:57.474949,Battery Replacement,10819.609659116595,211884.82897949428,Completed
MT00289,VH023,2026-04-14 21:18:23.807615,Battery Replacement,20755.21425703594,34164.753713782855,Completed
MT00290,VH034,2026-04-15 05:57:50.140280,Brake Service,8109.436905754253,35460.4752838828,Pending
MT00291,VH033,2026-04-15 14:37:16.472945,Routine Inspection,3559.2971740444173,75875.29480221438,Pending
MT00292,VH014,2026-04-15 23:16:42.805611,Brake Service,17812.367716696463,101205.00984241521,Pending
MT00293,VH021,2026-04-16 07:56:09.138276,Brake Service,6472.228143833451,248315.39010604017,Completed
MT00294,VH004,2026-04-16 16:35:35.470941,Engine Repair,33481.70164355273,139445.9127547681,Completed
MT00295,VH026,2026-04-17 01:15:01.803607,Battery Replacement,11119.324977729224,208732.9447189691,Completed
MT00296,VH018,2026-04-17 09:54:28.136272,Routine Inspection,2403.1370418671204,64112.05126688102,Completed
MT00297,VH046,2026-04-17 18:33:54.468937,Oil Change,7724.415873267118,228399.13843902395,Completed
MT00298,VH037,2026-04-18 03:13:20.801603,Battery Replacement,20579.1934210362,188518.01334829882,Pending
MT00299,VH001,2026-04-18 11:52:47.134268,Battery Replacement,15734.493606902888,90231.99415281556,Pending
MT00300,VH003,2026-04-18 20:32:13.466933,Engine Repair,43811.36840326124,191050.78868389086,Completed
MT00301,VH027,2026-04-19 05:11:39.799599,Brake Service,6727.853896043378,222764.0968532151,Completed
MT00302,VH016,2026-04-19 13:51:06.132264,Battery Replacement,8402.478693752382,96277.13670246619,Completed
MT00303,VH036,2026-04-19 22:30:32.464929,Tire Replacement,29498.0851705211,209587.65427006618,Pending
MT00304,VH023,2026-04-20 07:09:58.797595,Tire Replacement,25151.97276240639,116835.8649588677,Pending
MT00305,VH032,2026-04-20 15:49:25.130260,Brake Service,13886.478421928576,188891.53497112874,Pending
MT00306,VH014,2026-04-21 00:28:51.462925,Routine Inspection,2502.421113956436,80650.60990456722,Completed
MT00307,VH048,2026-04-21 09:08:17.795591,Brake Service,13831.01500230981,175795.7663352079,Pending
MT00308,VH039,2026-04-21 17:47:44.128256,Battery Replacement,11475.256268912946,220265.53262608283,Completed
MT00309,VH011,2026-04-22 02:27:10.460921,Tire Replacement,11230.876856265379,125112.2652558469,Pending
MT00310,VH003,2026-04-22 11:06:36.793587,Oil Change,7360.774356392317,196843.70658515554,Pending
MT00311,VH015,2026-04-22 19:46:03.126252,Oil Change,7136.770067812769,143642.54732348144,Completed
MT00312,VH008,2026-04-23 04:25:29.458917,Tire Replacement,27665.093884579037,213788.78100425308,Pending
MT00313,VH026,2026-04-23 13:04:55.791583,Brake Service,18722.325176958744,66912.39061999111,Pending
MT00314,VH020,2026-04-23 21:44:22.124248,Engine Repair,81779.27142179487,15614.784524037288,Completed
MT00315,VH045,2026-04-24 06:23:48.456913,Engine Repair,41960.487436126714,170854.34500691472,Pending
MT00316,VH050,2026-04-24 15:03:14.789579,Oil Change,7573.455928327638,196502.34152305507,Pending
MT00317,VH002,2026-04-24 23:42:41.122244,Brake Service,10821.877525284493,28848.833655539856,Pending
MT00318,VH033,2026-04-25 08:22:07.454909,Battery Replacement,24716.86767619258,168076.1574933702,Pending
MT00319,VH049,2026-04-25 17:01:33.787575,Tire Replacement,30929.81536483881,60495.36722386305,Completed
MT00320,VH017,2026-04-26 01:41:00.120240,Oil Change,4041.7204766154855,247552.29972783886,Completed
MT00321,VH041,2026-04-26 10:20:26.452905,Engine Repair,51645.82939884086,197883.4104471603,Pending
MT00322,VH019,2026-04-26 18:59:52.785571,Engine Repair,73226.70086590029,47105.3997552885,Completed
MT00323,VH039,2026-04-27 03:39:19.118236,Battery Replacement,21402.712975479,124004.54366590387,Pending
MT00324,VH012,2026-04-27 12:18:45.450901,Battery Replacement,17799.639334994506,199037.81892270234,Pending
MT00325,VH011,2026-04-27 20:58:11.783567,Engine Repair,79228.46455678012,135222.1312577115,Pending
MT00326,VH021,2026-04-28 05:37:38.116232,Brake Service,12224.335701611979,244885.35326941055,Pending
MT00327,VH044,2026-04-28 14:17:04.448897,Engine Repair,42815.13427754432,113829.64760841159,Completed
MT00328,VH027,2026-04-28 22:56:30.781563,Tire Replacement,31142.73715332748,222851.8876208139,Pending
MT00329,VH023,2026-04-29 07:35:57.114228,Brake Service,17369.80539441992,32164.541590563633,Completed
MT00330,VH015,2026-04-29 16:15:23.446893,Battery Replacement,13402.332940444892,141764.12087790878,Completed
MT00331,VH039,2026-04-30 00:54:49.779559,Routine Inspection,3282.6515700433124,248866.4258130212,Pending
MT00332,VH022,2026-04-30 09:34:16.112224,Routine Inspection,3013.450078524468,172860.9680774307,Completed
MT00333,VH013,2026-04-30 18:13:42.444889,Battery Replacement,10474.255995336358,46918.02054531715,Pending
MT00334,VH046,2026-05-01 02:53:08.777555,Battery Replacement,21032.188773009395,168548.46251334882,Pending
MT00335,VH011,2026-05-01 11:32:35.110220,Tire Replacement,25303.40187281324,112085.27696873464,Completed
MT00336,VH017,2026-05-01 20:12:01.442885,Battery Replacement,10754.15635065739,178999.82936276516,Completed
MT00337,VH015,2026-05-02 04:51:27.775551,Brake Service,10194.114459091954,94343.51720954658,Pending
MT00338,VH040,2026-05-02 13:30:54.108216,Battery Replacement,20592.67949223301,128653.06913202984,Pending
MT00339,VH034,2026-05-02 22:10:20.440881,Routine Inspection,3135.497397732197,62119.16561858611,Completed
MT00340,VH015,2026-05-03 06:49:46.773547,Battery Replacement,9220.0265024711,48634.36288675323,Pending
MT00341,VH047,2026-05-03 15:29:13.106212,Engine Repair,28436.15466848434,81653.99564948089,Pending
MT00342,VH013,2026-05-04 00:08:39.438877,Engine Repair,99848.8493672171,196196.65257548002,Pending
MT00343,VH029,2026-05-04 08:48:05.771543,Tire Replacement,22838.8168253813,200412.47393724776,Completed
MT00344,VH037,2026-05-04 17:27:32.104208,Brake Service,14541.83479024372,140448.69262314984,Pending
MT00345,VH047,2026-05-05 02:06:58.436873,Routine Inspection,3857.9667101946343,54826.95881152789,Pending
MT00346,VH003,2026-05-05 10:46:24.769539,Brake Service,7491.550674887703,204190.06847064738,Pending
MT00347,VH048,2026-05-05 19:25:51.102204,Engine Repair,51919.70336382385,218066.1319458868,Pending
MT00348,VH042,2026-05-06 04:05:17.434869,Brake Service,15716.33928315079,34562.4678567637,Completed
MT00349,VH010,2026-05-06 12:44:43.767535,Battery Replacement,15220.74829563887,109421.04430122589,Completed
MT00350,VH016,2026-05-06 21:24:10.100200,Tire Replacement,27678.27649100806,142231.2962823911,Completed
MT00351,VH049,2026-05-07 06:03:36.432865,Engine Repair,49670.666412461556,203419.4258499882,Completed
MT00352,VH040,2026-05-07 14:43:02.765531,Battery Replacement,12506.373990334405,161712.77402033753,Pending
MT00353,VH029,2026-05-07 23:22:29.098196,Engine Repair,21498.54077918132,108892.37824096448,Pending
MT00354,VH018,2026-05-08 08:01:55.430861,Engine Repair,53942.65039919984,121265.79337871849,Completed
MT00355,VH036,2026-05-08 16:41:21.763527,Routine Inspection,3189.5894952423496,112965.00753585028,Pending
MT00356,VH035,2026-05-09 01:20:48.096192,Tire Replacement,23815.283280263495,40448.78665027804,Pending
MT00357,VH002,2026-05-09 10:00:14.428857,Tire Replacement,10195.804933739324,198654.06307562414,Completed
MT00358,VH025,2026-05-09 18:39:40.761523,Engine Repair,61388.95493848688,25393.20094390753,Completed
MT00359,VH025,2026-05-10 03:19:07.094188,Routine Inspection,2354.3517496578033,174653.1891856405,Completed
MT00360,VH028,2026-05-10 11:58:33.426853,Battery Replacement,16435.836765965865,46740.74187085603,Pending
MT00361,VH037,2026-05-10 20:37:59.759519,Oil Change,4710.376169231117,110614.33730675702,Completed
MT00362,VH043,2026-05-11 05:17:26.092184,Battery Replacement,8744.136082488383,39070.8669011521,Pending
MT00363,VH047,2026-05-11 13:56:52.424849,Routine Inspection,2496.7797885189507,151909.63843580912,Completed
MT00364,VH019,2026-05-11 22:36:18.757515,Brake Service,8870.313062062341,226313.8410249315,Pending
MT00365,VH017,2026-05-12 07:15:45.090180,Engine Repair,38667.76712256331,156112.26626669374,Pending
MT00366,VH022,2026-05-12 15:55:11.422845,Engine Repair,68282.11961435356,104337.01740415572,Pending
MT00367,VH018,2026-05-13 00:34:37.755511,Tire Replacement,11324.2811097952,235102.59429308726,Pending
MT00368,VH026,2026-05-13 09:14:04.088176,Brake Service,11656.921890214522,81159.97062253967,Pending
MT00369,VH015,2026-05-13 17:53:30.420841,Oil Change,7082.136087882119,71435.78064819257,Pending
MT00370,VH029,2026-05-14 02:32:56.753507,Oil Change,4427.4005045336435,181670.46851239746,Pending
MT00371,VH007,2026-05-14 11:12:23.086172,Routine Inspection,3814.435969725757,239648.13598587172,Pending
MT00372,VH018,2026-05-14 19:51:49.418837,Tire Replacement,37671.00165979436,196815.40380995374,Completed
MT00373,VH050,2026-05-15 04:31:15.751503,Oil Change,6942.643074991741,102614.6008845787,Completed
MT00374,VH011,2026-05-15 13:10:42.084168,Routine Inspection,4494.158887250804,76063.61661800166,Completed
MT00375,VH008,2026-05-15 21:50:08.416833,Engine Repair,55037.089080160644,121244.17420582873,Completed
MT00376,VH039,2026-05-16 06:29:34.749498,Oil Change,3418.3373905220765,187779.05688185684,Pending
MT00377,VH040,2026-05-16 15:09:01.082164,Oil Change,5433.580663163844,77315.18888072553,Pending
MT00378,VH025,2026-05-16 23:48:27.414829,Battery Replacement,9239.11406853242,211428.7918543725,Completed
MT00379,VH014,2026-05-17 08:27:53.747494,Routine Inspection,3491.8649346407237,162738.81223875767,Completed
MT00380,VH034,2026-05-17 17:07:20.080160,Oil Change,5485.6333318250645,125938.06013711239,Pending
MT00381,VH010,2026-05-18 01:46:46.412825,Battery Replacement,21891.683455533454,31681.080296860033,Completed
MT00382,VH016,2026-05-18 10:26:12.745490,Brake Service,13196.861578844206,110913.39795631902,Completed
MT00383,VH029,2026-05-18 19:05:39.078156,Battery Replacement,9711.67208210496,67503.53377511544,Completed
MT00384,VH006,2026-05-19 03:45:05.410821,Brake Service,11854.776446478229,132180.08487101825,Pending
MT00385,VH038,2026-05-19 12:24:31.743486,Tire Replacement,31968.611473806377,166939.25025597212,Completed
MT00386,VH008,2026-05-19 21:03:58.076152,Engine Repair,28348.379035032696,86344.16007412384,Pending
MT00387,VH022,2026-05-20 05:43:24.408817,Tire Replacement,24701.313064430797,205092.16210352714,Pending
MT00388,VH044,2026-05-20 14:22:50.741482,Tire Replacement,25145.14615112617,218142.4849940189,Pending
MT00389,VH049,2026-05-20 23:02:17.074148,Tire Replacement,37931.72853417057,66628.54461617781,Completed
MT00390,VH037,2026-05-21 07:41:43.406813,Brake Service,16657.725463387193,16680.047163119765,Completed
MT00391,VH044,2026-05-21 16:21:09.739478,Routine Inspection,2733.3265646847385,51156.86416610787,Completed
MT00392,VH023,2026-05-22 01:00:36.072144,Oil Change,7038.852973875577,118859.13492630684,Completed
MT00393,VH003,2026-05-22 09:40:02.404809,Battery Replacement,15288.335590398932,171423.25099967507,Completed
MT00394,VH045,2026-05-22 18:19:28.737474,Tire Replacement,24959.875993302874,153195.95406547768,Pending
MT00395,VH026,2026-05-23 02:58:55.070140,Tire Replacement,21102.97796058564,149859.07455804598,Completed
MT00396,VH041,2026-05-23 11:38:21.402805,Oil Change,3453.708044587167,65487.76658822259,Pending
MT00397,VH035,2026-05-23 20:17:47.735470,Tire Replacement,39701.51920160228,48509.02161785732,Completed
MT00398,VH042,2026-05-24 04:57:14.068136,Brake Service,6297.8073664118765,18556.4905770939,Pending
MT00399,VH044,2026-05-24 13:36:40.400801,Brake Service,6252.007559115616,113421.55744503377,Pending
MT00400,VH038,2026-05-24 22:16:06.733466,Routine Inspection,2358.9174649972397,82310.86601690362,Completed
MT00401,VH002,2026-05-25 06:55:33.066132,Oil Change,4384.342857262311,141589.8147760686,Pending
MT00402,VH020,2026-05-25 15:34:59.398797,Brake Service,13176.096291364145,154550.24234134212,Completed
MT00403,VH018,2026-05-26 00:14:25.731462,Routine Inspection,4323.136970232503,79121.21996098376,Completed
MT00404,VH041,2026-05-26 08:53:52.064128,Tire Replacement,32913.08983876885,142760.00346136227,Completed
MT00405,VH014,2026-05-26 17:33:18.396793,Routine Inspection,3505.9416412596847,156070.09001018366,Completed
MT00406,VH028,2026-05-27 02:12:44.729458,Tire Replacement,35372.42932452764,221199.31751618095,Completed
MT00407,VH030,2026-05-27 10:52:11.062124,Engine Repair,21687.15799842083,45135.30934463211,Pending
MT00408,VH044,2026-05-27 19:31:37.394789,Routine Inspection,2120.7227022747675,102161.21066961226,Pending
MT00409,VH016,2026-05-28 04:11:03.727454,Engine Repair,71666.43128974721,86278.43415575825,Completed
MT00410,VH050,2026-05-28 12:50:30.060120,Oil Change,5324.322671391075,71159.11334934564,Pending
MT00411,VH036,2026-05-28 21:29:56.392785,Tire Replacement,25140.624676170995,112089.29209002032,Completed
MT00412,VH047,2026-05-29 06:09:22.725450,Tire Replacement,16543.07691028943,236203.50130195063,Completed
MT00413,VH018,2026-05-29 14:48:49.058116,Battery Replacement,22233.099038566652,212356.40482834924,Pending
MT00414,VH007,2026-05-29 23:28:15.390781,Routine Inspection,3509.5191560566054,135369.07098257574,Completed
MT00415,VH011,2026-05-30 08:07:41.723446,Brake Service,8162.294018030695,105820.97673994668,Pending
MT00416,VH015,2026-05-30 16:47:08.056112,Oil Change,3691.98086548626,113651.25107943562,Completed
MT00417,VH046,2026-05-31 01:26:34.388777,Oil Change,7976.7633225101445,70629.78551779962,Completed
MT00418,VH012,2026-05-31 10:06:00.721442,Routine Inspection,4182.261296800496,167850.2031230248,Pending
MT00419,VH025,2026-05-31 18:45:27.054108,Brake Service,12989.819382618749,73399.87530807809,Completed
MT00420,VH002,2026-06-01 03:24:53.386773,Battery Replacement,17630.27899390181,36702.374313614724,Pending
MT00421,VH011,2026-06-01 12:04:19.719438,Engine Repair,28822.089301470183,87026.56161105231,Pending
MT00422,VH040,2026-06-01 20:43:46.052104,Battery Replacement,20265.716139393153,126901.23418913076,Completed
MT00423,VH033,2026-06-02 05:23:12.384769,Engine Repair,93539.89536583955,184806.00125640596,Pending
MT00424,VH012,2026-06-02 14:02:38.717434,Engine Repair,91775.94771103749,126954.86613529769,Pending
MT00425,VH004,2026-06-02 22:42:05.050100,Battery Replacement,21394.031592243824,18347.826009064007,Pending
MT00426,VH041,2026-06-03 07:21:31.382765,Oil Change,6263.57121381106,179049.92183480502,Pending
MT00427,VH020,2026-06-03 16:00:57.715430,Tire Replacement,18016.407147813206,195778.42965022015,Completed
MT00428,VH037,2026-06-04 00:40:24.048096,Oil Change,4723.539374688423,34746.97517548749,Pending
MT00429,VH026,2026-06-04 09:19:50.380761,Tire Replacement,34953.987856037515,183087.55441047924,Completed
MT00430,VH003,2026-06-04 17:59:16.713426,Oil Change,6583.554703685664,167628.65195126165,Completed
MT00431,VH043,2026-06-05 02:38:43.046092,Battery Replacement,24836.667706280838,103658.9426059684,Pending
MT00432,VH002,2026-06-05 11:18:09.378757,Battery Replacement,9447.838249676568,201123.85485370425,Pending
MT00433,VH008,2026-06-05 19:57:35.711422,Battery Replacement,13913.156584787961,180536.38285218127,Completed
MT00434,VH025,2026-06-06 04:37:02.044088,Routine Inspection,4638.990267570103,146610.71940212906,Pending
MT00435,VH047,2026-06-06 13:16:28.376753,Tire Replacement,10777.640473155929,193031.87564297268,Completed
MT00436,VH024,2026-06-06 21:55:54.709418,Oil Change,4679.82025406502,114636.43729582243,Completed
MT00437,VH019,2026-06-07 06:35:21.042084,Engine Repair,97937.56686595448,156116.4110289236,Completed
MT00438,VH032,2026-06-07 15:14:47.374749,Routine Inspection,3639.974000350044,19806.219138644614,Completed
MT00439,VH001,2026-06-07 23:54:13.707414,Oil Change,4541.308666603635,118277.53169350258,Completed
MT00440,VH002,2026-06-08 08:33:40.040080,Oil Change,7650.671435231244,155216.77239848586,Completed
MT00441,VH012,2026-06-08 17:13:06.372745,Brake Service,10205.78569300652,10930.88268673756,Pending
MT00442,VH043,2026-06-09 01:52:32.705410,Oil Change,3667.3882773863184,105260.70836551896,Completed
MT00443,VH041,2026-06-09 10:31:59.038076,Routine Inspection,3737.621582071312,138202.6288270692,Pending
MT00444,VH034,2026-06-09 19:11:25.370741,Engine Repair,77145.97391302418,98918.722016332,Completed
MT00445,VH038,2026-06-10 03:50:51.703406,Oil Change,3396.664682887895,96968.40942022485,Completed
MT00446,VH046,2026-06-10 12:30:18.036072,Brake Service,14331.373961080786,216024.6648270927,Pending
MT00447,VH026,2026-06-10 21:09:44.368737,Brake Service,10577.6478453538,241468.84653752187,Completed
MT00448,VH020,2026-06-11 05:49:10.701402,Engine Repair,29968.12954063827,33180.81883964623,Pending
MT00449,VH014,2026-06-11 14:28:37.034068,Routine Inspection,3907.2395248248113,228570.40130460574,Completed
MT00450,VH037,2026-06-11 23:08:03.366733,Oil Change,4345.43341290929,100892.10576324201,Completed
MT00451,VH043,2026-06-12 07:47:29.699398,Battery Replacement,10885.127989218417,67081.85693373118,Pending
MT00452,VH008,2026-06-12 16:26:56.032064,Battery Replacement,9593.60237547959,45916.14833176467,Completed
MT00453,VH005,2026-06-13 01:06:22.364729,Brake Service,11020.337874164963,189403.8241609846,Completed
MT00454,VH043,2026-06-13 09:45:48.697394,Engine Repair,69657.1122806722,183643.34092102945,Pending
MT00455,VH020,2026-06-13 18:25:15.030060,Battery Replacement,24583.150682937452,32732.261476638316,Pending
MT00456,VH007,2026-06-14 03:04:41.362725,Brake Service,10070.576870091958,240276.2554457367,Pending
MT00457,VH005,2026-06-14 11:44:07.695390,Brake Service,14187.441839795072,27397.795945832026,Pending
MT00458,VH047,2026-06-14 20:23:34.028056,Routine Inspection,2352.788000736096,129263.7716699632,Pending
MT00459,VH048,2026-06-15 05:03:00.360721,Oil Change,7680.51690206324,164875.54731964917,Completed
MT00460,VH041,2026-06-15 13:42:26.693386,Routine Inspection,4221.941021806757,223170.88298657027,Pending
MT00461,VH023,2026-06-15 22:21:53.026052,Engine Repair,76925.0847705024,74703.06621740895,Completed
MT00462,VH023,2026-06-16 07:01:19.358717,Battery Replacement,17310.732441417756,74213.2701521836,Pending
MT00463,VH023,2026-06-16 15:40:45.691382,Oil Change,5816.979026394948,197504.59122669412,Completed
MT00464,VH017,2026-06-17 00:20:12.024048,Tire Replacement,23403.158707222552,108636.91009762234,Pending
MT00465,VH041,2026-06-17 08:59:38.356713,Engine Repair,23651.824363008414,59371.090071627616,Pending
MT00466,VH019,2026-06-17 17:39:04.689378,Brake Service,6057.492945432947,15119.64782127981,Completed
MT00467,VH029,2026-06-18 02:18:31.022044,Oil Change,3959.4795584204758,188997.84268282677,Completed
MT00468,VH004,2026-06-18 10:57:57.354709,Battery Replacement,11198.765407702167,13605.10089881875,Pending
MT00469,VH005,2026-06-18 19:37:23.687374,Brake Service,5858.005878199608,163015.81756040134,Pending
MT00470,VH010,2026-06-19 04:16:50.020040,Brake Service,12450.034047492576,112927.33490948618,Pending
MT00471,VH014,2026-06-19 12:56:16.352705,Battery Replacement,16651.267906433925,162272.88943132505,Pending
MT00472,VH037,2026-06-19 21:35:42.685370,Tire Replacement,27981.99090940703,192421.4916157412,Pending
MT00473,VH042,2026-06-20 06:15:09.018036,Routine Inspection,4361.727929101051,165433.0712682251,Pending
MT00474,VH035,2026-06-20 14:54:35.350701,Engine Repair,94882.9227552168,121771.81807458714,Completed
MT00475,VH004,2026-06-20 23:34:01.683366,Engine Repair,95844.65160793204,227799.34004353415,Pending
MT00476,VH006,2026-06-21 08:13:28.016032,Brake Service,18495.620168594523,10862.1619912895,Completed
MT00477,VH047,2026-06-21 16:52:54.348697,Oil Change,6707.980223926982,21453.89413050896,Pending
MT00478,VH011,2026-06-22 01:32:20.681362,Tire Replacement,30112.268593658904,126763.35424435987,Completed
MT00479,VH023,2026-06-22 10:11:47.014028,Tire Replacement,13526.285614724662,69338.52995334097,Pending
MT00480,VH020,2026-06-22 18:51:13.346693,Brake Service,14845.822958870687,113297.13212845837,Completed
MT00481,VH018,2026-06-23 03:30:39.679358,Routine Inspection,2470.6410005644475,78923.36171992873,Pending
MT00482,VH014,2026-06-23 12:10:06.012024,Oil Change,6727.844828270967,65499.32954045829,Completed
MT00483,VH001,2026-06-23 20:49:32.344689,Routine Inspection,2486.0309917551517,231527.73146141996,Completed
MT00484,VH041,2026-06-24 05:28:58.677354,Routine Inspection,4044.5036911284815,61995.17741408398,Completed
MT00485,VH038,2026-06-24 14:08:25.010020,Battery Replacement,9228.211888767228,31953.31432200268,Completed
MT00486,VH023,2026-06-24 22:47:51.342685,Routine Inspection,2940.292343493359,64174.094133829225,Completed
MT00487,VH031,2026-06-25 07:27:17.675350,Battery Replacement,14361.082141660181,112532.73608557544,Completed
MT00488,VH014,2026-06-25 16:06:44.008016,Brake Service,9705.007584395462,63595.534099314355,Pending
MT00489,VH007,2026-06-26 00:46:10.340681,Routine Inspection,2932.315480760769,33453.57592610764,Completed
MT00490,VH049,2026-06-26 09:25:36.673346,Oil Change,5662.189806559492,74479.51469262337,Completed
MT00491,VH006,2026-06-26 18:05:03.006012,Tire Replacement,34707.97752899234,227550.8233771455,Pending
MT00492,VH048,2026-06-27 02:44:29.338677,Tire Replacement,36200.11263824967,190648.7688696294,Completed
MT00493,VH023,2026-06-27 11:23:55.671342,Tire Replacement,12204.306490171693,65992.19093856966,Completed
MT00494,VH040,2026-06-27 20:03:22.004008,Engine Repair,35389.80827124108,155718.29275116156,Pending
MT00495,VH013,2026-06-28 04:42:48.336673,Tire Replacement,19278.949612130542,215461.86077640043,Completed
MT00496,VH022,2026-06-28 13:22:14.669338,Battery Replacement,19624.03097543816,243032.28205520526,Pending
MT00497,VH018,2026-06-28 22:01:41.002004,Oil Change,5012.184267731955,27826.49608850795,Completed
MT00498,VH033,2026-06-29 06:41:07.334669,Tire Replacement,24303.42479927958,58911.443148486745,Pending
MT00499,VH011,2026-06-29 15:20:33.667334,Routine Inspection,4353.299413416424,236431.0686062449,Pending
MT00500,VH007,2026-06-30 00:00:00.000000,Brake Service,14628.667888669466,222355.12547858446,Pending
